risk_group,arrangement_minutes,year,births,share_born_in_nicu_facility,share_over_120_min
w500_1499,30,2006,34171,0.476808,0.137222
w500_1499,30,2007,32937,0.465555,0.147797
w500_1499,30,2008,34178,0.527298,0.129177
w500_1499,30,2009,34517,0.543819,0.106962
w500_1499,30,2010,33714,0.589903,0.0978229
w500_1499,30,2011,34976,0.602985,0.103385
w500_1499,30,2012,34876,0.600155,0.0989792
w500_1499,30,2013,35385,0.608902,0.0972729
w500_1499,30,2014,35975,0.611786,0.0932592
w500_1499,30,2015,36739,0.622145,0.0932796
w500_1499,30,2016,35258,0.628708,0.0921209
w500_1499,30,2017,37001,0.641685,0.0939975
w500_1499,30,2018,36579,0.642472,0.0951912
w500_1499,30,2019,36326,0.658619,0.0959368
w500_1499,30,2020,34532,0.658143,0.0967219
w500_1499,30,2021,34651,0.664108,0.103402
w500_1499,30,2022,34530,0.660614,0.097075
w500_1499,30,2023,33933,0.667639,0.0976336
w500_1499,30,2024,31609,0.675124,0.0950995
w500_1499,30,2025,31151,0.672595,0.0918751
g_under_32_only,60,2011,18139,0.435085,0.200176
g_under_32_only,60,2012,20329,0.452408,0.170003
g_under_32_only,60,2013,20238,0.445696,0.17561
g_under_32_only,60,2014,18744,0.433579,0.180751
g_under_32_only,60,2015,18459,0.451704,0.177637
g_under_32_only,60,2016,17549,0.466636,0.172318
g_under_32_only,60,2017,17414,0.479499,0.17015
g_under_32_only,60,2018,17269,0.489142,0.173548
g_under_32_only,60,2019,16376,0.501588,0.16225
g_under_32_only,60,2020,15848,0.505742,0.163175
g_under_32_only,60,2021,15605,0.512784,0.173726
g_under_32_only,60,2022,15325,0.503426,0.170636
g_under_32_only,60,2023,15458,0.514685,0.165481
g_under_32_only,60,2024,14980,0.519693,0.163017
g_under_32_only,60,2025,14192,0.511203,0.167982
w500_1499,60,2006,34171,0.476808,0.139855
w500_1499,60,2007,32937,0.465555,0.150894
w500_1499,60,2008,34178,0.527298,0.130493
w500_1499,60,2009,34517,0.543819,0.108121
w500_1499,60,2010,33714,0.589903,0.0992763
w500_1499,60,2011,34976,0.602985,0.104186
w500_1499,60,2012,34876,0.600155,0.0998108
w500_1499,60,2013,35385,0.608902,0.0978381
w500_1499,60,2014,35975,0.611786,0.0938707
w500_1499,60,2015,36739,0.622145,0.0937968
w500_1499,60,2016,35258,0.628708,0.0925747
w500_1499,60,2017,37001,0.641685,0.0944029
w500_1499,60,2018,36579,0.642472,0.095984
w500_1499,60,2019,36326,0.658619,0.0965699
w500_1499,60,2020,34532,0.658143,0.0977354
w500_1499,60,2021,34651,0.664108,0.104124
w500_1499,60,2022,34530,0.660614,0.0980017
w500_1499,60,2023,33933,0.667639,0.0983998
w500_1499,60,2024,31609,0.675124,0.095922
w500_1499,60,2025,31151,0.672595,0.0928702
w_under_500,60,2006,2625,0.287619,0.240381
w_under_500,60,2007,2462,0.296507,0.241673
w_under_500,60,2008,2817,0.342563,0.200213
w_under_500,60,2009,2979,0.348439,0.177241
w_under_500,60,2010,2895,0.3962,0.174093
w_under_500,60,2011,3614,0.404261,0.177089
w_under_500,60,2012,3321,0.42698,0.139416
w_under_500,60,2013,3874,0.470573,0.125194
w_under_500,60,2014,3539,0.483752,0.139587
w_under_500,60,2015,3863,0.473725,0.131245
w_under_500,60,2016,4015,0.475218,0.130262
w_under_500,60,2017,4065,0.484379,0.115129
w_under_500,60,2018,3926,0.503311,0.117677
w_under_500,60,2019,4127,0.517083,0.117519
w_under_500,60,2020,3928,0.498218,0.118635
w_under_500,60,2021,3729,0.517029,0.127916
w_under_500,60,2022,3982,0.51557,0.107484
w_under_500,60,2023,3980,0.530402,0.106533
w_under_500,60,2024,3727,0.504964,0.113228
w_under_500,60,2025,3942,0.51243,0.106291
w500_1499,90,2006,34171,0.476808,0.140997
w500_1499,90,2007,32937,0.465555,0.152564
w500_1499,90,2008,34178,0.527298,0.13143
w500_1499,90,2009,34517,0.543819,0.108584
w500_1499,90,2010,33714,0.589903,0.0996025
w500_1499,90,2011,34976,0.602985,0.104615
w500_1499,90,2012,34876,0.600155,0.100327
w500_1499,90,2013,35385,0.608902,0.098375
w500_1499,90,2014,35975,0.611786,0.0945657
w500_1499,90,2015,36739,0.622145,0.0945317
w500_1499,90,2016,35258,0.628708,0.0934256
w500_1499,90,2017,37001,0.641685,0.095538
w500_1499,90,2018,36579,0.642472,0.0964488
w500_1499,90,2019,36326,0.658619,0.0972582
w500_1499,90,2020,34532,0.658143,0.0984304
w500_1499,90,2021,34651,0.664108,0.104903
w500_1499,90,2022,34530,0.660614,0.0988995
w500_1499,90,2023,33933,0.667639,0.0989302
w500_1499,90,2024,31609,0.675124,0.0967446
w500_1499,90,2025,31151,0.672595,0.0935122
