measure,basis,year,years,threshold,units,mun,births_within_reach
network,pooled,2025,5,90,5,260410,697
network,pooled,2025,5,90,5,261390,348
network,pooled,2025,5,90,5,290160,363
network,pooled,2025,5,90,5,291750,355
network,pooled,2025,5,90,5,330452,685
network,pooled,2025,5,90,10,110028,291
network,pooled,2025,5,90,10,150553,325
network,pooled,2025,5,90,10,240940,299
network,pooled,2025,5,90,10,260410,697
network,pooled,2025,5,90,10,261390,348
network,pooled,2025,5,90,10,290160,363
network,pooled,2025,5,90,10,291072,313
network,pooled,2025,5,90,10,291750,355
network,pooled,2025,5,90,10,292870,320
network,pooled,2025,5,90,10,330452,685
network,pooled,2025,5,90,20,110028,291
network,pooled,2025,5,90,20,150240,252
network,pooled,2025,5,90,20,150553,325
network,pooled,2025,5,90,20,210160,244
network,pooled,2025,5,90,20,210320,222
network,pooled,2025,5,90,20,220800,236
network,pooled,2025,5,90,20,230550,242
network,pooled,2025,5,90,20,230640,249
network,pooled,2025,5,90,20,240940,299
network,pooled,2025,5,90,20,260120,706
network,pooled,2025,5,90,20,260410,697
network,pooled,2025,5,90,20,261390,348
network,pooled,2025,5,90,20,291072,313
network,pooled,2025,5,90,20,291750,355
network,pooled,2025,5,90,20,292400,335
network,pooled,2025,5,90,20,292660,354
network,pooled,2025,5,90,20,292870,320
network,pooled,2025,5,90,20,330340,230
network,pooled,2025,5,90,20,330452,685
network,pooled,2025,5,90,20,521150,275
network,pooled,2025,5,120,5,110028,328
network,pooled,2025,5,120,5,260120,531
network,pooled,2025,5,120,5,290160,303
network,pooled,2025,5,120,5,291750,368
network,pooled,2025,5,120,5,292870,289
network,pooled,2025,5,120,10,110028,328
network,pooled,2025,5,120,10,150390,269
network,pooled,2025,5,120,10,210160,223
network,pooled,2025,5,120,10,230410,217
network,pooled,2025,5,120,10,260120,531
network,pooled,2025,5,120,10,290160,303
network,pooled,2025,5,120,10,291072,256
network,pooled,2025,5,120,10,291750,368
network,pooled,2025,5,120,10,292870,289
network,pooled,2025,5,120,10,330452,226
network,pooled,2025,5,120,20,110002,179
network,pooled,2025,5,120,20,110028,328
network,pooled,2025,5,120,20,150210,156
network,pooled,2025,5,120,20,150360,179
network,pooled,2025,5,120,20,150390,269
network,pooled,2025,5,120,20,150550,195
network,pooled,2025,5,120,20,210160,223
network,pooled,2025,5,120,20,221060,178
network,pooled,2025,5,120,20,230410,217
network,pooled,2025,5,120,20,230550,149
network,pooled,2025,5,120,20,260410,413
network,pooled,2025,5,120,20,261390,407
network,pooled,2025,5,120,20,290160,303
network,pooled,2025,5,120,20,290390,185
network,pooled,2025,5,120,20,291072,256
network,pooled,2025,5,120,20,291750,368
network,pooled,2025,5,120,20,292870,289
network,pooled,2025,5,120,20,330452,226
network,pooled,2025,5,120,20,510675,157
network,pooled,2025,5,120,20,510795,195
network,pooled,2025,5,180,5,110004,495
network,pooled,2025,5,180,5,130190,216
network,pooled,2025,5,180,5,130340,273
network,pooled,2025,5,180,5,150360,205
network,pooled,2025,5,180,5,510675,172
network,pooled,2025,5,180,10,110004,495
network,pooled,2025,5,180,10,120020,140
network,pooled,2025,5,180,10,130190,216
network,pooled,2025,5,180,10,130340,273
network,pooled,2025,5,180,10,150360,205
network,pooled,2025,5,180,10,210160,144
network,pooled,2025,5,180,10,221060,145
network,pooled,2025,5,180,10,500320,147
network,pooled,2025,5,180,10,510020,115
network,pooled,2025,5,180,10,510675,172
network,pooled,2025,5,180,20,110002,266
network,pooled,2025,5,180,20,110004,495
network,pooled,2025,5,180,20,120020,140
network,pooled,2025,5,180,20,120060,87
network,pooled,2025,5,180,20,130190,216
network,pooled,2025,5,180,20,130340,273
network,pooled,2025,5,180,20,130406,113
network,pooled,2025,5,180,20,130420,99
network,pooled,2025,5,180,20,150360,205
network,pooled,2025,5,180,20,210160,144
network,pooled,2025,5,180,20,220190,87
network,pooled,2025,5,180,20,221060,145
network,pooled,2025,5,180,20,230410,81
network,pooled,2025,5,180,20,290390,99
network,pooled,2025,5,180,20,292990,107
network,pooled,2025,5,180,20,500320,147
network,pooled,2025,5,180,20,510020,115
network,pooled,2025,5,180,20,510335,85
network,pooled,2025,5,180,20,510675,172
network,pooled,2025,5,180,20,520800,78
network,year,2021,1,90,5,150553,80
network,year,2021,1,90,5,210120,104
network,year,2021,1,90,5,260410,158
network,year,2021,1,90,5,290600,80
network,year,2021,1,90,5,330452,144
network,year,2021,1,90,10,150553,80
network,year,2021,1,90,10,210120,104
network,year,2021,1,90,10,250370,71
network,year,2021,1,90,10,260410,158
network,year,2021,1,90,10,261390,67
network,year,2021,1,90,10,290160,78
network,year,2021,1,90,10,290600,80
network,year,2021,1,90,10,293290,76
network,year,2021,1,90,10,330452,144
network,year,2021,1,90,10,521880,79
network,year,2021,1,90,20,110028,63
network,year,2021,1,90,20,150553,80
network,year,2021,1,90,20,210120,104
network,year,2021,1,90,20,210540,74
network,year,2021,1,90,20,220800,64
network,year,2021,1,90,20,230550,65
network,year,2021,1,90,20,230640,60
network,year,2021,1,90,20,230760,56
network,year,2021,1,90,20,231340,50
network,year,2021,1,90,20,251620,59
network,year,2021,1,90,20,260410,158
network,year,2021,1,90,20,261390,67
network,year,2021,1,90,20,290160,78
network,year,2021,1,90,20,290600,80
network,year,2021,1,90,20,291072,59
network,year,2021,1,90,20,293290,76
network,year,2021,1,90,20,330340,52
network,year,2021,1,90,20,330452,144
network,year,2021,1,90,20,521150,53
network,year,2021,1,90,20,521880,79
network,year,2021,1,120,5,110015,77
network,year,2021,1,120,5,210043,132
network,year,2021,1,120,5,260120,105
network,year,2021,1,120,5,291750,81
network,year,2021,1,120,5,521880,99
network,year,2021,1,120,10,110015,77
network,year,2021,1,120,10,210043,132
network,year,2021,1,120,10,210140,49
network,year,2021,1,120,10,220800,76
network,year,2021,1,120,10,260410,89
network,year,2021,1,120,10,261390,89
network,year,2021,1,120,10,290160,60
network,year,2021,1,120,10,291750,81
network,year,2021,1,120,10,292870,65
network,year,2021,1,120,10,521880,99
network,year,2021,1,120,20,110015,77
network,year,2021,1,120,20,150390,47
network,year,2021,1,120,20,210043,132
network,year,2021,1,120,20,210140,49
network,year,2021,1,120,20,210467,62
network,year,2021,1,120,20,210540,106
network,year,2021,1,120,20,220800,76
network,year,2021,1,120,20,230410,40
network,year,2021,1,120,20,230760,44
network,year,2021,1,120,20,260410,89
network,year,2021,1,120,20,261390,89
network,year,2021,1,120,20,290160,60
network,year,2021,1,120,20,290390,42
network,year,2021,1,120,20,291072,48
network,year,2021,1,120,20,291750,81
network,year,2021,1,120,20,292870,65
network,year,2021,1,120,20,330520,46
network,year,2021,1,120,20,510675,37
network,year,2021,1,120,20,510795,43
network,year,2021,1,120,20,521880,99
network,year,2021,1,180,5,110004,114
network,year,2021,1,180,5,130190,50
network,year,2021,1,180,5,130340,50
network,year,2021,1,180,5,210480,66
network,year,2021,1,180,5,210990,116
network,year,2021,1,180,10,110004,114
network,year,2021,1,180,10,130190,50
network,year,2021,1,180,10,130340,50
network,year,2021,1,180,10,150360,36
network,year,2021,1,180,10,210480,66
network,year,2021,1,180,10,210990,116
network,year,2021,1,180,10,221060,32
network,year,2021,1,180,10,500320,32
network,year,2021,1,180,10,510675,37
network,year,2021,1,180,10,521880,38
network,year,2021,1,180,20,110012,89
network,year,2021,1,180,20,110030,73
network,year,2021,1,180,20,120020,16
network,year,2021,1,180,20,120060,27
network,year,2021,1,180,20,130190,50
network,year,2021,1,180,20,130340,50
network,year,2021,1,180,20,130420,15
network,year,2021,1,180,20,150360,36
network,year,2021,1,180,20,160027,29
network,year,2021,1,180,20,170950,26
network,year,2021,1,180,20,210043,80
network,year,2021,1,180,20,210170,15
network,year,2021,1,180,20,210480,66
network,year,2021,1,180,20,210860,78
network,year,2021,1,180,20,221060,32
network,year,2021,1,180,20,500320,32
network,year,2021,1,180,20,510180,28
network,year,2021,1,180,20,510250,28
network,year,2021,1,180,20,510515,19
network,year,2021,1,180,20,521190,37
network,year,2022,1,90,5,240940,72
network,year,2022,1,90,5,260120,138
network,year,2022,1,90,5,292400,81
network,year,2022,1,90,5,292870,71
network,year,2022,1,90,5,330452,135
network,year,2022,1,90,10,150553,64
network,year,2022,1,90,10,231340,61
network,year,2022,1,90,10,240940,72
network,year,2022,1,90,10,260120,138
network,year,2022,1,90,10,291750,64
network,year,2022,1,90,10,292400,81
network,year,2022,1,90,10,292660,75
network,year,2022,1,90,10,292870,71
network,year,2022,1,90,10,330452,135
network,year,2022,1,90,10,521880,70
network,year,2022,1,90,20,110028,57
network,year,2022,1,90,20,150553,64
network,year,2022,1,90,20,210160,49
network,year,2022,1,90,20,210320,49
network,year,2022,1,90,20,220800,52
network,year,2022,1,90,20,230640,58
network,year,2022,1,90,20,231340,61
network,year,2022,1,90,20,240940,72
network,year,2022,1,90,20,260120,138
network,year,2022,1,90,20,260410,128
network,year,2022,1,90,20,261390,73
network,year,2022,1,90,20,291072,60
network,year,2022,1,90,20,291750,64
network,year,2022,1,90,20,292400,81
network,year,2022,1,90,20,292660,75
network,year,2022,1,90,20,292870,71
network,year,2022,1,90,20,313620,53
network,year,2022,1,90,20,330340,53
network,year,2022,1,90,20,330452,135
network,year,2022,1,90,20,521880,70
network,year,2022,1,120,5,110015,69
network,year,2022,1,120,5,260120,94
network,year,2022,1,120,5,290160,65
network,year,2022,1,120,5,291750,67
network,year,2022,1,120,5,521880,84
network,year,2022,1,120,10,110015,69
network,year,2022,1,120,10,150390,56
network,year,2022,1,120,10,210160,47
network,year,2022,1,120,10,220800,62
network,year,2022,1,120,10,260120,94
network,year,2022,1,120,10,290160,65
network,year,2022,1,120,10,290390,48
network,year,2022,1,120,10,291750,67
network,year,2022,1,120,10,293290,64
network,year,2022,1,120,10,521880,84
network,year,2022,1,120,20,110002,42
network,year,2022,1,120,20,110028,64
network,year,2022,1,120,20,150390,56
network,year,2022,1,120,20,210140,40
network,year,2022,1,120,20,210160,47
network,year,2022,1,120,20,220800,62
network,year,2022,1,120,20,230410,47
network,year,2022,1,120,20,250370,40
network,year,2022,1,120,20,260410,66
network,year,2022,1,120,20,261390,80
network,year,2022,1,120,20,290390,48
network,year,2022,1,120,20,291072,43
network,year,2022,1,120,20,291750,67
network,year,2022,1,120,20,292400,80
network,year,2022,1,120,20,292660,58
network,year,2022,1,120,20,293290,64
network,year,2022,1,120,20,330520,44
network,year,2022,1,120,20,500830,36
network,year,2022,1,120,20,510795,45
network,year,2022,1,120,20,521880,84
network,year,2022,1,180,5,110004,92
network,year,2022,1,180,5,130340,52
network,year,2022,1,180,5,150360,40
network,year,2022,1,180,5,210480,61
network,year,2022,1,180,5,521190,61
network,year,2022,1,180,10,110004,92
network,year,2022,1,180,10,120020,34
network,year,2022,1,180,10,130190,43
network,year,2022,1,180,10,130340,52
network,year,2022,1,180,10,150360,40
network,year,2022,1,180,10,210480,61
network,year,2022,1,180,10,221060,32
network,year,2022,1,180,10,290390,25
network,year,2022,1,180,10,510675,39
network,year,2022,1,180,10,521190,61
network,year,2022,1,180,20,110002,61
network,year,2022,1,180,20,110004,92
network,year,2022,1,180,20,120020,34
network,year,2022,1,180,20,130190,43
network,year,2022,1,180,20,130340,52
network,year,2022,1,180,20,130406,21
network,year,2022,1,180,20,130420,19
network,year,2022,1,180,20,150360,40
network,year,2022,1,180,20,210480,61
network,year,2022,1,180,20,220190,26
network,year,2022,1,180,20,221060,32
network,year,2022,1,180,20,290390,25
network,year,2022,1,180,20,292990,21
network,year,2022,1,180,20,500320,23
network,year,2022,1,180,20,510020,23
network,year,2022,1,180,20,510335,19
network,year,2022,1,180,20,510515,22
network,year,2022,1,180,20,510675,39
network,year,2022,1,180,20,520800,19
network,year,2022,1,180,20,521190,61
network,year,2023,1,90,5,260410,136
network,year,2023,1,90,5,261390,72
network,year,2023,1,90,5,291750,80
network,year,2023,1,90,5,292660,78
network,year,2023,1,90,5,330452,141
network,year,2023,1,90,10,150553,65
network,year,2023,1,90,10,260410,136
network,year,2023,1,90,10,261390,72
network,year,2023,1,90,10,291750,80
network,year,2023,1,90,10,292530,64
network,year,2023,1,90,10,292660,78
network,year,2023,1,90,10,292870,63
network,year,2023,1,90,10,330452,141
network,year,2023,1,90,10,521150,68
network,year,2023,1,90,10,521190,62
network,year,2023,1,90,20,110028,54
network,year,2023,1,90,20,150240,60
network,year,2023,1,90,20,150553,65
network,year,2023,1,90,20,210160,51
network,year,2023,1,90,20,220800,50
network,year,2023,1,90,20,230410,50
network,year,2023,1,90,20,230640,51
network,year,2023,1,90,20,240940,54
network,year,2023,1,90,20,260120,139
network,year,2023,1,90,20,260410,136
network,year,2023,1,90,20,261390,72
network,year,2023,1,90,20,270240,47
network,year,2023,1,90,20,291750,80
network,year,2023,1,90,20,292530,64
network,year,2023,1,90,20,292660,78
network,year,2023,1,90,20,292870,63
network,year,2023,1,90,20,313620,50
network,year,2023,1,90,20,330452,141
network,year,2023,1,90,20,521150,68
network,year,2023,1,90,20,521190,62
network,year,2023,1,120,5,220800,66
network,year,2023,1,120,5,260120,116
network,year,2023,1,120,5,290160,69
network,year,2023,1,120,5,291750,82
network,year,2023,1,120,5,521880,79
network,year,2023,1,120,10,110015,59
network,year,2023,1,120,10,150390,59
network,year,2023,1,120,10,220800,66
network,year,2023,1,120,10,230410,60
network,year,2023,1,120,10,260120,116
network,year,2023,1,120,10,290160,69
network,year,2023,1,120,10,291072,54
network,year,2023,1,120,10,291750,82
network,year,2023,1,120,10,292870,58
network,year,2023,1,120,10,521880,79
network,year,2023,1,120,20,110002,38
network,year,2023,1,120,20,110028,59
network,year,2023,1,120,20,150240,35
network,year,2023,1,120,20,150360,45
network,year,2023,1,120,20,150390,59
network,year,2023,1,120,20,210350,42
network,year,2023,1,120,20,220800,66
network,year,2023,1,120,20,230410,60
network,year,2023,1,120,20,260410,96
network,year,2023,1,120,20,261390,77
network,year,2023,1,120,20,290390,39
network,year,2023,1,120,20,291072,54
network,year,2023,1,120,20,291750,82
network,year,2023,1,120,20,292660,67
network,year,2023,1,120,20,292870,58
network,year,2023,1,120,20,330452,41
network,year,2023,1,120,20,500320,37
network,year,2023,1,120,20,510250,40
network,year,2023,1,120,20,510795,45
network,year,2023,1,120,20,521880,79
network,year,2023,1,180,5,110004,92
network,year,2023,1,180,5,130340,64
network,year,2023,1,180,5,150360,50
network,year,2023,1,180,5,510675,41
network,year,2023,1,180,5,521190,45
network,year,2023,1,180,10,110004,92
network,year,2023,1,180,10,120020,34
network,year,2023,1,180,10,130190,47
network,year,2023,1,180,10,130340,64
network,year,2023,1,180,10,150360,50
network,year,2023,1,180,10,210160,26
network,year,2023,1,180,10,221060,29
network,year,2023,1,180,10,500320,37
network,year,2023,1,180,10,510675,41
network,year,2023,1,180,10,521190,45
network,year,2023,1,180,20,110004,92
network,year,2023,1,180,20,120020,34
network,year,2023,1,180,20,130120,18
network,year,2023,1,180,20,130190,47
network,year,2023,1,180,20,130340,64
network,year,2023,1,180,20,130406,19
network,year,2023,1,180,20,130420,20
network,year,2023,1,180,20,150220,19
network,year,2023,1,180,20,150360,50
network,year,2023,1,180,20,210160,26
network,year,2023,1,180,20,221060,29
network,year,2023,1,180,20,230410,22
network,year,2023,1,180,20,290390,26
network,year,2023,1,180,20,292990,23
network,year,2023,1,180,20,500320,37
network,year,2023,1,180,20,500660,18
network,year,2023,1,180,20,510020,26
network,year,2023,1,180,20,510675,41
network,year,2023,1,180,20,520800,18
network,year,2023,1,180,20,521190,45
network,year,2024,1,90,5,250370,72
network,year,2024,1,90,5,260410,142
network,year,2024,1,90,5,261390,70
network,year,2024,1,90,5,292870,73
network,year,2024,1,90,5,330452,144
network,year,2024,1,90,10,110028,61
network,year,2024,1,90,10,150553,57
network,year,2024,1,90,10,250370,72
network,year,2024,1,90,10,260410,142
network,year,2024,1,90,10,261390,70
network,year,2024,1,90,10,290600,67
network,year,2024,1,90,10,291072,62
network,year,2024,1,90,10,292660,59
network,year,2024,1,90,10,292870,73
network,year,2024,1,90,10,330452,144
network,year,2024,1,90,20,110028,61
network,year,2024,1,90,20,150360,41
network,year,2024,1,90,20,150550,51
network,year,2024,1,90,20,150553,57
network,year,2024,1,90,20,210160,47
network,year,2024,1,90,20,210320,46
network,year,2024,1,90,20,230370,51
network,year,2024,1,90,20,230550,48
network,year,2024,1,90,20,240940,69
network,year,2024,1,90,20,260120,140
network,year,2024,1,90,20,260410,142
network,year,2024,1,90,20,260990,44
network,year,2024,1,90,20,261390,70
network,year,2024,1,90,20,270240,50
network,year,2024,1,90,20,290600,67
network,year,2024,1,90,20,291072,62
network,year,2024,1,90,20,292660,59
network,year,2024,1,90,20,292870,73
network,year,2024,1,90,20,330452,144
network,year,2024,1,90,20,521150,47
network,year,2024,1,120,5,110028,71
network,year,2024,1,120,5,260120,99
network,year,2024,1,120,5,291750,64
network,year,2024,1,120,5,292400,61
network,year,2024,1,120,5,292870,61
network,year,2024,1,120,10,110028,71
network,year,2024,1,120,10,150550,51
network,year,2024,1,120,10,210160,47
network,year,2024,1,120,10,220800,55
network,year,2024,1,120,10,260120,99
network,year,2024,1,120,10,291072,53
network,year,2024,1,120,10,291750,64
network,year,2024,1,120,10,292400,61
network,year,2024,1,120,10,292870,61
network,year,2024,1,120,10,330452,51
network,year,2024,1,120,20,110028,71
network,year,2024,1,120,20,130340,34
network,year,2024,1,120,20,130406,32
network,year,2024,1,120,20,150360,42
network,year,2024,1,120,20,150550,51
network,year,2024,1,120,20,210160,47
network,year,2024,1,120,20,220800,55
network,year,2024,1,120,20,221060,40
network,year,2024,1,120,20,230410,36
network,year,2024,1,120,20,260410,78
network,year,2024,1,120,20,261390,83
network,year,2024,1,120,20,290160,52
network,year,2024,1,120,20,290390,32
network,year,2024,1,120,20,291072,53
network,year,2024,1,120,20,291470,37
network,year,2024,1,120,20,291750,64
network,year,2024,1,120,20,292870,61
network,year,2024,1,120,20,330452,51
network,year,2024,1,120,20,510250,32
network,year,2024,1,120,20,510795,34
network,year,2024,1,180,5,110004,100
network,year,2024,1,180,5,130190,45
network,year,2024,1,180,5,130340,49
network,year,2024,1,180,5,150360,46
network,year,2024,1,180,5,510675,32
network,year,2024,1,180,10,110004,100
network,year,2024,1,180,10,120020,30
network,year,2024,1,180,10,130190,45
network,year,2024,1,180,10,130340,49
network,year,2024,1,180,10,130406,32
network,year,2024,1,180,10,150360,46
network,year,2024,1,180,10,210160,31
network,year,2024,1,180,10,221060,28
network,year,2024,1,180,10,500320,27
network,year,2024,1,180,10,510675,32
network,year,2024,1,180,20,110002,55
network,year,2024,1,180,20,110004,100
network,year,2024,1,180,20,120020,30
network,year,2024,1,180,20,130190,45
network,year,2024,1,180,20,130290,17
network,year,2024,1,180,20,130340,49
network,year,2024,1,180,20,130406,32
network,year,2024,1,180,20,130420,25
network,year,2024,1,180,20,150220,16
network,year,2024,1,180,20,150360,46
network,year,2024,1,180,20,210160,31
network,year,2024,1,180,20,210170,21
network,year,2024,1,180,20,221060,28
network,year,2024,1,180,20,230410,18
network,year,2024,1,180,20,261390,21
network,year,2024,1,180,20,292990,23
network,year,2024,1,180,20,500320,27
network,year,2024,1,180,20,510180,20
network,year,2024,1,180,20,510335,24
network,year,2024,1,180,20,510675,32
network,year,2025,1,90,5,260120,144
network,year,2025,1,90,5,291750,77
network,year,2025,1,90,5,292530,69
network,year,2025,1,90,5,292660,75
network,year,2025,1,90,5,330452,121
network,year,2025,1,90,10,110028,56
network,year,2025,1,90,10,150553,59
network,year,2025,1,90,10,260120,144
network,year,2025,1,90,10,291750,77
network,year,2025,1,90,10,292400,73
network,year,2025,1,90,10,292530,69
network,year,2025,1,90,10,292660,75
network,year,2025,1,90,10,330340,58
network,year,2025,1,90,10,330452,121
network,year,2025,1,90,10,521150,59
network,year,2025,1,90,20,110028,56
network,year,2025,1,90,20,150240,56
network,year,2025,1,90,20,150530,39
network,year,2025,1,90,20,150550,42
network,year,2025,1,90,20,150553,59
network,year,2025,1,90,20,210160,48
network,year,2025,1,90,20,210320,41
network,year,2025,1,90,20,220800,50
network,year,2025,1,90,20,250370,50
network,year,2025,1,90,20,260120,144
network,year,2025,1,90,20,260410,133
network,year,2025,1,90,20,261390,66
network,year,2025,1,90,20,291750,77
network,year,2025,1,90,20,292400,73
network,year,2025,1,90,20,292530,69
network,year,2025,1,90,20,292660,75
network,year,2025,1,90,20,292870,48
network,year,2025,1,90,20,330340,58
network,year,2025,1,90,20,330452,121
network,year,2025,1,90,20,521150,59
network,year,2025,1,120,5,110004,65
network,year,2025,1,120,5,150390,60
network,year,2025,1,120,5,260120,117
network,year,2025,1,120,5,291072,58
network,year,2025,1,120,5,291750,74
network,year,2025,1,120,10,110004,65
network,year,2025,1,120,10,150390,60
network,year,2025,1,120,10,150550,42
network,year,2025,1,120,10,210160,46
network,year,2025,1,120,10,260120,117
network,year,2025,1,120,10,291072,58
network,year,2025,1,120,10,291750,74
network,year,2025,1,120,10,292400,66
network,year,2025,1,120,10,292870,44
network,year,2025,1,120,10,330452,44
network,year,2025,1,120,20,110002,33
network,year,2025,1,120,20,110028,64
network,year,2025,1,120,20,130406,29
network,year,2025,1,120,20,150210,41
network,year,2025,1,120,20,150360,30
network,year,2025,1,120,20,150390,60
network,year,2025,1,120,20,150550,42
network,year,2025,1,120,20,210160,46
network,year,2025,1,120,20,220800,39
network,year,2025,1,120,20,221060,31
network,year,2025,1,120,20,230410,34
network,year,2025,1,120,20,260120,117
network,year,2025,1,120,20,291072,58
network,year,2025,1,120,20,291750,74
network,year,2025,1,120,20,292400,66
network,year,2025,1,120,20,292660,48
network,year,2025,1,120,20,292870,44
network,year,2025,1,120,20,330452,44
network,year,2025,1,120,20,500830,36
network,year,2025,1,120,20,510795,28
network,year,2025,1,180,5,110004,97
network,year,2025,1,180,5,130340,58
network,year,2025,1,180,5,130406,29
network,year,2025,1,180,5,150360,33
network,year,2025,1,180,5,210160,28
network,year,2025,1,180,10,110004,97
network,year,2025,1,180,10,120020,26
network,year,2025,1,180,10,130190,31
network,year,2025,1,180,10,130340,58
network,year,2025,1,180,10,130406,29
network,year,2025,1,180,10,150360,33
network,year,2025,1,180,10,210160,28
network,year,2025,1,180,10,221060,26
network,year,2025,1,180,10,292990,26
network,year,2025,1,180,10,500320,28
network,year,2025,1,180,20,110002,53
network,year,2025,1,180,20,110012,84
network,year,2025,1,180,20,110030,57
network,year,2025,1,180,20,120020,26
network,year,2025,1,180,20,130190,31
network,year,2025,1,180,20,130340,58
network,year,2025,1,180,20,130406,29
network,year,2025,1,180,20,130420,20
network,year,2025,1,180,20,150220,14
network,year,2025,1,180,20,150360,33
network,year,2025,1,180,20,210160,28
network,year,2025,1,180,20,220190,16
network,year,2025,1,180,20,221060,26
network,year,2025,1,180,20,290390,20
network,year,2025,1,180,20,292400,13
network,year,2025,1,180,20,292990,26
network,year,2025,1,180,20,500320,28
network,year,2025,1,180,20,510020,24
network,year,2025,1,180,20,510320,15
network,year,2025,1,180,20,510675,23
straight_line,pooled,2025,5,120,5,150215,400
straight_line,pooled,2025,5,120,5,251620,435
straight_line,pooled,2025,5,120,5,260120,545
straight_line,pooled,2025,5,120,5,292660,421
straight_line,pooled,2025,5,120,5,330452,537
straight_line,pooled,2025,5,120,10,110004,299
straight_line,pooled,2025,5,120,10,150215,400
straight_line,pooled,2025,5,120,10,220370,364
straight_line,pooled,2025,5,120,10,251620,435
straight_line,pooled,2025,5,120,10,260120,545
straight_line,pooled,2025,5,120,10,291072,368
straight_line,pooled,2025,5,120,10,291750,372
straight_line,pooled,2025,5,120,10,292660,421
straight_line,pooled,2025,5,120,10,330452,537
straight_line,pooled,2025,5,120,10,521150,298
straight_line,pooled,2025,5,120,20,110004,299
straight_line,pooled,2025,5,120,20,150215,400
straight_line,pooled,2025,5,120,20,150390,188
straight_line,pooled,2025,5,120,20,210350,194
straight_line,pooled,2025,5,120,20,220370,364
straight_line,pooled,2025,5,120,20,220800,185
straight_line,pooled,2025,5,120,20,230410,212
straight_line,pooled,2025,5,120,20,230640,287
straight_line,pooled,2025,5,120,20,251620,435
straight_line,pooled,2025,5,120,20,260120,545
straight_line,pooled,2025,5,120,20,261390,364
straight_line,pooled,2025,5,120,20,290390,201
straight_line,pooled,2025,5,120,20,290460,184
straight_line,pooled,2025,5,120,20,291072,368
straight_line,pooled,2025,5,120,20,291750,372
straight_line,pooled,2025,5,120,20,292400,219
straight_line,pooled,2025,5,120,20,292660,421
straight_line,pooled,2025,5,120,20,330452,537
straight_line,pooled,2025,5,120,20,500830,221
straight_line,pooled,2025,5,120,20,521150,298
straight_line,year,2021,1,120,5,150215,96
straight_line,year,2021,1,120,5,210360,90
straight_line,year,2021,1,120,5,210990,111
straight_line,year,2021,1,120,5,260120,117
straight_line,year,2021,1,120,5,330452,120
straight_line,year,2021,1,120,10,150215,96
straight_line,year,2021,1,120,10,210360,90
straight_line,year,2021,1,120,10,210990,111
straight_line,year,2021,1,120,10,220370,68
straight_line,year,2021,1,120,10,251620,88
straight_line,year,2021,1,120,10,260110,69
straight_line,year,2021,1,120,10,260120,117
straight_line,year,2021,1,120,10,290600,84
straight_line,year,2021,1,120,10,292660,86
straight_line,year,2021,1,120,10,330452,120
straight_line,year,2021,1,120,20,110004,63
straight_line,year,2021,1,120,20,150215,96
straight_line,year,2021,1,120,20,210360,90
straight_line,year,2021,1,120,20,210990,111
straight_line,year,2021,1,120,20,220370,68
straight_line,year,2021,1,120,20,220800,53
straight_line,year,2021,1,120,20,230640,65
straight_line,year,2021,1,120,20,240940,79
straight_line,year,2021,1,120,20,241120,47
straight_line,year,2021,1,120,20,260110,69
straight_line,year,2021,1,120,20,260120,117
straight_line,year,2021,1,120,20,261390,77
straight_line,year,2021,1,120,20,290600,84
straight_line,year,2021,1,120,20,291072,67
straight_line,year,2021,1,120,20,292660,86
straight_line,year,2021,1,120,20,293290,44
straight_line,year,2021,1,120,20,330452,120
straight_line,year,2021,1,120,20,500830,54
straight_line,year,2021,1,120,20,521150,57
straight_line,year,2021,1,120,20,521880,64
straight_line,year,2022,1,120,5,220370,80
straight_line,year,2022,1,120,5,251620,94
straight_line,year,2022,1,120,5,260120,96
straight_line,year,2022,1,120,5,292660,83
straight_line,year,2022,1,120,5,330452,103
straight_line,year,2022,1,120,10,150215,77
straight_line,year,2022,1,120,10,220370,80
straight_line,year,2022,1,120,10,240940,89
straight_line,year,2022,1,120,10,260110,77
straight_line,year,2022,1,120,10,260120,96
straight_line,year,2022,1,120,10,261390,73
straight_line,year,2022,1,120,10,291750,66
straight_line,year,2022,1,120,10,292530,69
straight_line,year,2022,1,120,10,292660,83
straight_line,year,2022,1,120,10,330452,103
straight_line,year,2022,1,120,20,110004,59
straight_line,year,2022,1,120,20,150215,77
straight_line,year,2022,1,120,20,210160,46
straight_line,year,2022,1,120,20,220370,80
straight_line,year,2022,1,120,20,230410,47
straight_line,year,2022,1,120,20,230640,64
straight_line,year,2022,1,120,20,240940,89
straight_line,year,2022,1,120,20,260110,77
straight_line,year,2022,1,120,20,260120,96
straight_line,year,2022,1,120,20,261390,73
straight_line,year,2022,1,120,20,290390,54
straight_line,year,2022,1,120,20,291750,66
straight_line,year,2022,1,120,20,292400,47
straight_line,year,2022,1,120,20,292530,69
straight_line,year,2022,1,120,20,292660,83
straight_line,year,2022,1,120,20,313520,48
straight_line,year,2022,1,120,20,330452,103
straight_line,year,2022,1,120,20,500830,51
straight_line,year,2022,1,120,20,521150,55
straight_line,year,2022,1,120,20,521880,53
straight_line,year,2023,1,120,5,251620,83
straight_line,year,2023,1,120,5,260120,118
straight_line,year,2023,1,120,5,291750,84
straight_line,year,2023,1,120,5,292660,89
straight_line,year,2023,1,120,5,330452,97
straight_line,year,2023,1,120,10,150215,77
straight_line,year,2023,1,120,10,220370,72
straight_line,year,2023,1,120,10,251620,83
straight_line,year,2023,1,120,10,260110,72
straight_line,year,2023,1,120,10,260120,118
straight_line,year,2023,1,120,10,291072,75
straight_line,year,2023,1,120,10,291750,84
straight_line,year,2023,1,120,10,292660,89
straight_line,year,2023,1,120,10,330452,97
straight_line,year,2023,1,120,10,521150,73
straight_line,year,2023,1,120,20,110004,54
straight_line,year,2023,1,120,20,150215,77
straight_line,year,2023,1,120,20,150240,47
straight_line,year,2023,1,120,20,210350,44
straight_line,year,2023,1,120,20,220370,72
straight_line,year,2023,1,120,20,230410,57
straight_line,year,2023,1,120,20,230640,54
straight_line,year,2023,1,120,20,240940,75
straight_line,year,2023,1,120,20,241120,45
straight_line,year,2023,1,120,20,260110,72
straight_line,year,2023,1,120,20,260120,118
straight_line,year,2023,1,120,20,261390,74
straight_line,year,2023,1,120,20,290390,43
straight_line,year,2023,1,120,20,290460,41
straight_line,year,2023,1,120,20,291072,75
straight_line,year,2023,1,120,20,291750,84
straight_line,year,2023,1,120,20,292660,89
straight_line,year,2023,1,120,20,330452,97
straight_line,year,2023,1,120,20,521150,73
straight_line,year,2023,1,120,20,521880,43
straight_line,year,2024,1,120,5,220370,85
straight_line,year,2024,1,120,5,251620,90
straight_line,year,2024,1,120,5,260120,112
straight_line,year,2024,1,120,5,292660,79
straight_line,year,2024,1,120,5,330452,115
straight_line,year,2024,1,120,10,110004,65
straight_line,year,2024,1,120,10,150215,73
straight_line,year,2024,1,120,10,220370,85
straight_line,year,2024,1,120,10,251620,90
straight_line,year,2024,1,120,10,260110,79
straight_line,year,2024,1,120,10,260120,112
straight_line,year,2024,1,120,10,290600,69
straight_line,year,2024,1,120,10,291072,71
straight_line,year,2024,1,120,10,292660,79
straight_line,year,2024,1,120,10,330452,115
straight_line,year,2024,1,120,20,110004,65
straight_line,year,2024,1,120,20,130290,43
straight_line,year,2024,1,120,20,150215,73
straight_line,year,2024,1,120,20,150550,38
straight_line,year,2024,1,120,20,210350,43
straight_line,year,2024,1,120,20,220370,85
straight_line,year,2024,1,120,20,230640,63
straight_line,year,2024,1,120,20,240940,86
straight_line,year,2024,1,120,20,260110,79
straight_line,year,2024,1,120,20,260120,112
straight_line,year,2024,1,120,20,261390,70
straight_line,year,2024,1,120,20,290600,69
straight_line,year,2024,1,120,20,291072,71
straight_line,year,2024,1,120,20,291470,39
straight_line,year,2024,1,120,20,292400,46
straight_line,year,2024,1,120,20,292660,79
straight_line,year,2024,1,120,20,292990,39
straight_line,year,2024,1,120,20,330452,115
straight_line,year,2024,1,120,20,520540,38
straight_line,year,2024,1,120,20,521150,49
straight_line,year,2025,1,120,5,251620,80
straight_line,year,2025,1,120,5,260120,102
straight_line,year,2025,1,120,5,291072,86
straight_line,year,2025,1,120,5,292660,84
straight_line,year,2025,1,120,5,330452,102
straight_line,year,2025,1,120,10,110004,58
straight_line,year,2025,1,120,10,150215,77
straight_line,year,2025,1,120,10,251620,80
straight_line,year,2025,1,120,10,260120,102
straight_line,year,2025,1,120,10,261390,70
straight_line,year,2025,1,120,10,291072,86
straight_line,year,2025,1,120,10,291750,78
straight_line,year,2025,1,120,10,292660,84
straight_line,year,2025,1,120,10,330452,102
straight_line,year,2025,1,120,10,521150,64
straight_line,year,2025,1,120,20,110004,58
straight_line,year,2025,1,120,20,150210,45
straight_line,year,2025,1,120,20,150215,77
straight_line,year,2025,1,120,20,150220,38
straight_line,year,2025,1,120,20,150390,43
straight_line,year,2025,1,120,20,210160,36
straight_line,year,2025,1,120,20,210320,40
straight_line,year,2025,1,120,20,220800,37
straight_line,year,2025,1,120,20,220840,43
straight_line,year,2025,1,120,20,230640,41
straight_line,year,2025,1,120,20,251620,80
straight_line,year,2025,1,120,20,260120,102
straight_line,year,2025,1,120,20,261390,70
straight_line,year,2025,1,120,20,291072,86
straight_line,year,2025,1,120,20,291750,78
straight_line,year,2025,1,120,20,292400,45
straight_line,year,2025,1,120,20,292660,84
straight_line,year,2025,1,120,20,330452,102
straight_line,year,2025,1,120,20,500830,50
straight_line,year,2025,1,120,20,521150,64
