measure,basis,year,years,threshold,units,births_uncovered,births_newly_covered,candidates,births_coverable
network,pooled,2025,5,90,5,25342,2448,217,15352
network,pooled,2025,5,90,10,25342,3996,217,15352
network,pooled,2025,5,90,20,25342,6450,217,15352
network,pooled,2025,5,120,5,15398,1819,217,9907
network,pooled,2025,5,120,10,15398,3010,217,9907
network,pooled,2025,5,120,20,15398,4790,217,9907
network,pooled,2025,5,180,5,6287,1314,217,4204
network,pooled,2025,5,180,10,6287,2005,217,4204
network,pooled,2025,5,180,20,6287,2920,217,4204
network,year,2021,1,90,5,5662,566,254,3730
network,year,2021,1,90,10,5662,937,254,3730
network,year,2021,1,90,20,5662,1506,254,3730
network,year,2021,1,120,5,3608,494,254,2550
network,year,2021,1,120,10,3608,800,254,2550
network,year,2021,1,120,20,3608,1229,254,2550
network,year,2021,1,180,5,1509,387,254,1135
network,year,2021,1,180,10,1509,562,254,1135
network,year,2021,1,180,20,1509,765,254,1135
network,year,2022,1,90,5,5399,497,233,3415
network,year,2022,1,90,10,5399,824,233,3415
network,year,2022,1,90,20,5399,1361,233,3415
network,year,2022,1,120,5,3384,379,233,2282
network,year,2022,1,120,10,3384,656,233,2282
network,year,2022,1,120,20,3384,1062,233,2282
network,year,2022,1,180,5,1356,306,233,967
network,year,2022,1,180,10,1356,471,233,967
network,year,2022,1,180,20,1356,684,233,967
network,year,2023,1,90,5,5317,507,227,3213
network,year,2023,1,90,10,5317,829,227,3213
network,year,2023,1,90,20,5317,1346,227,3213
network,year,2023,1,120,5,3339,412,227,2162
network,year,2023,1,120,10,3339,702,227,2162
network,year,2023,1,120,20,3339,1108,227,2162
network,year,2023,1,180,5,1412,292,227,944
network,year,2023,1,180,10,1412,453,227,944
network,year,2023,1,180,20,1412,662,227,944
network,year,2024,1,90,5,4976,501,197,2979
network,year,2024,1,90,10,4976,807,197,2979
network,year,2024,1,90,20,4976,1283,197,2979
network,year,2024,1,120,5,3032,350,197,1951
network,year,2024,1,120,10,3032,607,197,1951
network,year,2024,1,120,20,3032,961,197,1951
network,year,2024,1,180,5,1255,260,197,846
network,year,2024,1,180,10,1255,408,197,846
network,year,2024,1,180,20,1255,611,197,846
network,year,2025,1,90,5,4839,486,206,2866
network,year,2025,1,90,10,4839,783,206,2866
network,year,2025,1,90,20,4839,1253,206,2866
network,year,2025,1,120,5,2893,374,206,1826
network,year,2025,1,120,10,2893,607,206,1826
network,year,2025,1,120,20,2893,938,206,1826
network,year,2025,1,180,5,1187,245,206,743
network,year,2025,1,180,10,1187,376,206,743
network,year,2025,1,180,20,1187,552,206,743
straight_line,pooled,2025,5,120,5,20493,2338,217,13702
straight_line,pooled,2025,5,120,10,20493,4039,217,13702
straight_line,pooled,2025,5,120,20,20493,6223,217,13702
straight_line,year,2021,1,120,5,4732,534,254,3425
straight_line,year,2021,1,120,10,4732,929,254,3425
straight_line,year,2021,1,120,20,4732,1496,254,3425
straight_line,year,2022,1,120,5,4356,456,233,2997
straight_line,year,2022,1,120,10,4356,809,233,2997
straight_line,year,2022,1,120,20,4356,1333,233,2997
straight_line,year,2023,1,120,5,4363,471,227,2941
straight_line,year,2023,1,120,10,4363,840,227,2941
straight_line,year,2023,1,120,20,4363,1331,227,2941
straight_line,year,2024,1,120,5,4087,481,197,2741
straight_line,year,2024,1,120,10,4087,838,197,2741
straight_line,year,2024,1,120,20,4087,1293,197,2741
straight_line,year,2025,1,120,5,3905,454,206,2579
straight_line,year,2025,1,120,10,3905,789,206,2579
straight_line,year,2025,1,120,20,3905,1207,206,2579
